feature,value,n,mean_shap
llm_loan_purpose_category,business,56,0.3621845122974934
llm_loan_purpose_category,car,80,-0.0528512787013337
llm_loan_purpose_category,credit_card,2459,-0.033962751338604664
llm_loan_purpose_category,debt_consolidation,1837,0.02121717384714716
llm_loan_purpose_category,education,17,-0.027657963618491464
llm_loan_purpose_category,home,352,-0.0019210702469843251
llm_loan_purpose_category,medical,68,-0.002844208674653235
llm_loan_purpose_category,other,131,0.023550225178155616
llm_financial_stress,0,928,-0.015151161839504752
llm_financial_stress,1,3093,-0.01628759332919029
llm_financial_stress,2,910,0.05093791899047145
llm_financial_stress,3,69,0.11622860485900044
llm_employment_stability,0,4665,0.00336200092372649
llm_employment_stability,1,32,-0.005622193644040267
llm_employment_stability,2,22,-0.00911659954162605
llm_employment_stability,3,281,-0.01462682883742891
llm_mentions_other_debts,0,821,0.0049816733137285595
llm_mentions_other_debts,1,4179,-0.0017679422453770151
llm_mentions_job_loss_or_income_drop,0,4972,-4.584809693903569e-05
llm_mentions_job_loss_or_income_drop,1,28,0.004168588186096084
llm_mentions_medical_or_family_emergency,0,4751,-0.008865340858464738
llm_mentions_medical_or_family_emergency,1,249,0.11568341869807446
llm_has_repayment_plan,0,4272,0.01620178779433611
llm_has_repayment_plan,1,728,-0.04628335854603869
llm_text_quality,0,2,0.1595356978849667
llm_text_quality,1,122,0.1418865152993704
llm_text_quality,2,2572,0.07611155071595647
llm_text_quality,3,2304,-0.05920274454640843
