feature,mean_abs_shap,rank,share
term,0.1821739424634579,1,0.0944679978616389
int_rate,0.15927376774053967,2,0.08259289856092668
grade,0.13411761174895345,3,0.06954793912114889
annual_inc,0.1277124024881389,4,0.06622645808729931
acc_open_past_24mths,0.12464740716297101,5,0.06463707615973867
loan_to_income,0.09097830331325317,6,0.04717764816763465
llm_text_quality,0.06995825162773175,7,0.03627750421275653
inq_last_6mths,0.0643729746037207,8,0.033381206691683915
total_bc_limit,0.059739409895419184,9,0.030978428473040515
fico_range_low,0.04317659761964977,10,0.02238962760782367
dti,0.04237856482702668,11,0.02197580025618605
installment_to_monthly_income,0.040009839907176804,12,0.020747475844707316
purpose,0.03628561837005863,13,0.018816246013221835
mths_since_recent_bc,0.03595493265483008,14,0.01864476584972177
fico_mid,0.035603086846067916,15,0.018462312922259666
addr_state,0.03546720593532005,16,0.018391850607988012
llm_loan_purpose_category,0.031743788279571666,17,0.016461037636688436
mths_since_last_delinq,0.0275947962814904,18,0.01430953911882923
emp_length,0.02758765345445429,19,0.014305835139214754
credit_history_months,0.02663870325103245,20,0.013813748155887607
revol_util,0.024015735208556568,21,0.012453583600644136
sub_grade,0.023952640756098858,22,0.012420865383542085
llm_financial_stress,0.02376356956308791,23,0.012322820752045797
total_acc,0.02253530459505994,24,0.011685892491043447
bc_open_to_buy,0.021528281026546695,25,0.011163691022323454
mo_sin_old_il_acct,0.021250894841566254,26,0.011019849827610128
llm_has_repayment_plan,0.02058166449578405,27,0.010672814186730925
revol_bal,0.019822088195696672,28,0.010278928808163135
num_il_tl,0.019507097494510125,29,0.010115587440656113
open_acc,0.0159843285740785,30,0.00828882274345395
mo_sin_old_rev_tl_op,0.015715385534445375,31,0.00814935982054959
num_bc_sats,0.015167151938045848,32,0.007865068173171218
num_rev_tl_bal_gt_0,0.014879355476468606,33,0.007715828632382778
llm_mentions_medical_or_family_emergency,0.01418496330243454,34,0.007355745090660299
mo_sin_rcnt_tl,0.013609997231292005,35,0.007057591069043826
bc_util,0.012955409496674166,36,0.006718148490824733
mo_sin_rcnt_rev_tl_op,0.011485054623383789,37,0.005955682250332035
home_ownership,0.011470133344834502,38,0.005947944682099028
tot_hi_cred_lim,0.010990034375739349,39,0.005698984881522974
num_tl_op_past_12m,0.010658314593561542,40,0.005526968492956743
total_rev_hi_lim,0.010459280824009081,41,0.005423757674426825
avg_cur_bal,0.010006522054634126,42,0.005188975389546917
verification_status,0.009763320658661803,43,0.005062861036176816
num_bc_tl,0.009609761571368704,44,0.004983231538489738
mths_since_recent_revol_delinq,0.009429505740322312,45,0.004889758195202707
installment,0.009307165629830891,46,0.004826317589263061
percent_bc_gt_75,0.008560113338984758,47,0.004438926652557933
loan_amnt,0.00834664771113903,48,0.004328232059235902
funded_amnt,0.00799502464513313,49,0.004145894637108634
tot_cur_bal,0.0076695022632101255,50,0.003977091968276968
mths_since_recent_inq,0.006940155443280261,51,0.0035988823687380647
total_bal_ex_mort,0.006673237921015533,52,0.0034604697967666577
tot_coll_amt,0.005997700226476525,53,0.0031101634213311674
num_tl_90g_dpd_24m,0.005990424255984996,54,0.003106390398935426
mths_since_last_record,0.0054851229077274525,55,0.0028443616694630324
num_actv_rev_tl,0.005420206736282068,56,0.00281069878298014
pct_tl_nvr_dlq,0.005142095893917647,57,0.0026664818104180474
num_rev_accts,0.004980816327315617,58,0.002582848786139931
llm_employment_stability,0.0048312745590898916,59,0.002505302506743758
total_il_high_credit_limit,0.0047126708330098785,60,0.00244379943780756
mort_acc,0.00461688595332559,61,0.0023941292946090737
num_op_rev_tl,0.004444100893450907,62,0.002304529989428319
num_sats,0.0044291890064615804,63,0.002296797291276368
num_actv_bc_tl,0.004314110375874919,64,0.002237122193503471
llm_mentions_other_debts,0.0036717142848121426,65,0.0019040017058189246
pub_rec_bankruptcies,0.003513779974335045,66,0.0018221033953214033
mths_since_recent_bc_dlq,0.0033497700886250003,67,0.0017370545385912372
mths_since_last_major_derog,0.0030137691216184435,68,0.0015628181016812167
num_accts_ever_120_pd,0.0029703190412231936,69,0.0015402866570280393
pub_rec,0.0015143115573204057,70,0.000785260389188175
delinq_2yrs,0.0011042274100217203,71,0.0005726074278137732
num_tl_30dpd,0.0010687926754837237,72,0.0005542324155518814
num_tl_120dpd_2m,0.0008438017787605771,73,0.0004375612865028197
delinq_amnt,0.0007338739330969245,74,0.00038055717631745907
initial_list_status,0.0007275563611772886,75,0.00037728114044468527
tax_liens,0.0005264561959608025,76,0.00027299877316014934
collections_12_mths_ex_med,0.0005259520649135705,77,0.0002727373513011947
llm_mentions_job_loss_or_income_drop,0.0001369445174791506,78,7.101385746745073e-05
chargeoff_within_12_mths,0.00012030991692531843,79,6.238783012073594e-05
acc_now_delinq,9.625458091020352e-07,80,4.991371115230712e-07
