term,importance
business,1.4835122983310272
bills,1.1700972934955458
need,1.157990384070579
help,0.8257488593282724
loans,0.7094639302319825
and,0.6574539266259904
also,0.6100057553598774
one payment,0.59708712765364
one,0.5693117043759284
00,0.556413682051933
pay of,0.520475087058873
my,0.49004693608412353
loans and,0.48808379966178433
my bills,0.48586131858939624
some,0.48543698884023906
capital,0.4624718016381895
and to,0.4425243079423008
expand,0.4312537993382383
my business,0.4302945415211325
working capital,0.42837844210905124
im,0.42209870889691387
need to,0.4201315715305733
many,0.4185082838981161
medical bills,0.4163701981744303
for debt,0.4133498937949088
never,-0.4262425197391939
paid off,-0.4274945688339645
mortgage,-0.4280218417307403
two credit,-0.42826031214309973
and have,-0.4371075414701159
year,-0.44725851959231055
cc,-0.45859744003853625
balance,-0.4689683850229271
interest rate,-0.47099166347217825
three years,-0.4744870258133943
but,-0.48104163970502334
an,-0.4870644422306447
ve,-0.5164546216181773
refinance,-0.5379403374585173
the,-0.5643272363610063
three,-0.5840603277709895
off the,-0.5885344182431076
rates,-0.6415229199856325
motorcycle,-0.6422516839826381
than,-0.6739243545358933
college,-0.7255760853734033
apr,-0.7637423526018622
pool,-0.9070823691137113
interest,-0.9740433302528775
rate,-1.142010344215589
